x,y
1.09750636853278,-145.098133311537
2.19265130884014,-90.3675790069672
3.04822521074675,-47.5748408338187
4.43669398268685,21.8195283502195
3.91855708626099,-4.08919129857346
3.5508069912903,-22.45076312662
1.61445368616842,-119.286907983786
2.53153707762249,-73.4317811561845
-0.56885862769559,-228.456444239068
3.74158108187839,-12.9444005000981
3.76015109545551,-11.9944248607369
3.96317483764142,-1.86678012298411
-0.512426764937118,-225.613983891718
1.79754466493614,-110.09123878786
-1.21917962329462,-260.955965221433
4.14625345589593,7.34336457796973
4.68529653223231,34.2569995597422
4.65223300852813,32.6043614735966
-1.8666918813251,-293.342914180007
0.246573912678286,-187.67218119363
-0.840678129345179,-242.01177804491
4.71454112348147,35.7436103218027
4.21201586164534,10.5868822956562
-0.197975294198841,-209.856765672327
2.71538862888701,-64.2022490172786
2.66131486650556,-66.9163664252018
0.780692535452545,-161.0028359419
2.9774575647898,-51.0976762874602
0.010663665831089,-199.482563003663
3.57306522456929,-21.3604141002455
1.22740749851801,-138.612506195349
4.57149886596017,28.5823475632469
-0.546132893534377,-227.286032698684
0.422130324179307,-178.88791568065
2.87442378024571,-56.2567697597066
2.24187678052112,-87.8647622905692
-0.860137227922678,-243.019789510936
4.17669059871696,8.86658426624971
2.93024745327421,-53.4556145697629
4.77732842834666,38.8738323029806
-1.87089757365175,-293.582038066343
4.04096968634985,2.02814707184441
1.6134027345106,-119.337342080691
-1.82652214472182,-291.353002901454
-1.26881525735371,-263.469676550829
-0.335726137273014,-216.783034600071
4.98071712511592,49.0075490784061
-0.823419964872301,-241.193020648483
3.82775535294786,-8.63194644014395
-0.450797353638336,-222.522794670986
0.757493977434933,-162.121044088733
4.43636557017453,21.8002856155411
1.89997790683992,-105.003960344145
-0.407951743574813,-220.39135105568
-1.69724288512953,-284.87297815924
4.31894664512947,15.9526725240455
3.87026552273892,-6.46915197512988
0.470292635262012,-176.500581979926
-1.74760320968926,-287.352531861949
-1.31273996108212,-265.651202664034
-0.118231503525749,-205.899273237194
4.87778982776217,43.9182525771947
2.84784271172248,-57.6349820697269
0.935748178511858,-153.191437613996
2.25133794010617,-87.4554143382805
1.16964241815731,-141.510067207808
4.44888098095544,22.415779554856
4.26686825160868,13.3399787428316
1.85557201178744,-107.236184861149
-0.29144244408235,-214.587753067797
3.87674530828372,-6.15627550978281
-0.706293910974637,-235.317415263768
-1.9962703732308,-299.798269762428
3.51126520102844,-24.4158913751778
3.44564244430512,-27.7262984838833
2.870186756365,-56.5083828287171
2.6022214628756,-69.8629412462842
0.822883106768131,-158.824212593437
3.28149131825194,-35.9491848966811
4.94871035846882,47.4213390396209
1.94016737071797,-102.961449584199
1.91536555928178,-104.218510370526
0.324723003199324,-183.771425404573
-0.988042834214866,-249.39646548058
2.42165718064643,-78.8869903317791
-0.0578204470220953,-202.886261013427
-0.0201284033246338,-200.977471854679
2.795078094583,-60.2341324741271
-0.0422484837472439,-202.118557744372
-0.847790304105729,-242.359286729788
4.4621549367439,23.11461238814
4.1233213969972,6.14247926876046
3.50966746779159,-24.4970044777089
-0.928889759816229,-246.466100276431
0.22547008190304,-188.68917519766
3.52740777865984,-23.6143429336287
-1.09277894045226,-254.636082600717
1.46667763730511,-126.647710950413
4.37964451638982,19.0317932647189
-0.758755064802244,-237.918501816409
4.88787852134556,44.3960182009334
-0.835675509879366,-241.750194014966
3.46171073499136,-26.869045794343
0.44716048729606,-177.638120319786
1.24750225571916,-137.626481213821
-1.28615809557959,-264.303224444348
1.69633304560557,-115.206241900172
4.80843436229043,40.3853913280222
4.19723352394067,9.84880298924376
-1.08083858690225,-254.051169420927
0.906797596020624,-154.671301119253
4.61856482527219,30.9333561158189
4.15156606445089,7.60844336557232
0.893355990992859,-155.306093505274
4.04210177832283,2.09079857463498
4.80602067545988,40.304605643844
-1.28359419200569,-264.174521623353
2.59320791065693,-70.3532347700294
-0.320218211039901,-215.991036086254
-0.209250923013315,-210.456007402732
-0.821508231572807,-241.074113639392
2.44960616878234,-77.5169195040201
2.03458822285756,-98.2392765806577
2.54642849881202,-72.716712178464
-1.07294716197066,-253.663706103385
3.12329211179167,-43.8946275729039
4.68245113524608,34.094350184298
4.46392249828205,23.1994199779683
-1.13109722407535,-256.534194562889
0.367811247007921,-181.638924258319
-0.415395922958851,-220.754102762681
2.44023487553932,-77.9742227998136
3.74455767730251,-12.8101060053436
-0.985350753879175,-249.272017003153
0.356544150272384,-182.164119736106
0.207025867188349,-189.677041587293
-1.00322537776083,-250.157800909908
-1.22124980716035,-261.06263929106
2.22685406636447,-88.6446368803532
-1.20353134069592,-260.173209286041
3.38832933269441,-30.6181508698155
2.5166446394287,-74.1619391283511
1.89570892555639,-105.240703909347
0.337567959213629,-183.133284770119
4.48234208486974,24.1360653955598
-1.44620855292305,-272.309097132288
2.88514032890089,-55.7333197851163
4.30888679111376,15.4279962612757
4.65608775941655,32.7805043922742
1.52508515957743,-123.739193007132
-0.0882562452461571,-204.414250886566
0.960323874372989,-151.983300432177
1.17920989380218,-141.04794015433
-1.7603347664699,-287.981289341633
3.53416104055941,-23.286783561682
2.97085206676275,-51.4382939901258
-0.543252452276647,-227.165143840923
3.26697760657407,-36.6381118779351
3.65943896211684,-17.046904868248
-0.447363041108474,-222.376335212918
1.64925635722466,-117.535666715208
3.2860132434871,-35.7034352696705
1.82771879970096,-108.584262314382
3.52121146349236,-23.9759142437186
0.237295456929132,-188.155086517958
0.637089237105101,-168.108486676052
-1.5713764114771,-278.522548588145
-1.9385973578319,-296.938677429183
2.3501466261223,-82.5181301532969
3.18070619856007,-40.9496176952594
2.28001303994097,-86.0113487679777
-1.17538491031155,-258.752155313048
1.06168569251895,-146.909986843552
-0.369815666694194,-218.493696369979
-0.987711742287502,-249.371432654052
0.814999615773559,-159.269894519058
3.41701080673374,-29.1249562131987
4.89414635277353,44.735680805134
-1.05177622032352,-252.593804233181
2.77650676248595,-61.1711867738305
-0.158342136535794,-207.916510566651
-1.61177445901558,-280.57714969775
3.87874617613852,-6.06620408693081
-0.0895264004357159,-204.494340952069
0.509030495071784,-174.541234962202
0.631493753055111,-168.42048021549
4.72247727867216,36.1040714374812
-0.824834202183411,-241.241494105455
4.23505471087992,11.7462365091593
-0.643169126939029,-232.129807827046
2.41375058703125,-79.2684470742366
0.656818449730054,-167.148157713672
-0.971652880078182,-248.591893224188
3.85570711176842,-7.22426753442411
-1.40615755971521,-270.320456672025
-0.981959861237556,-249.077442445557
0.0678181541152298,-196.633089094195
4.68931294442154,34.45322577498
2.97393882134929,-51.3056275708689
2.60567672993056,-69.6845846226723
4.04651358025149,2.34776427815986
-0.550047662341967,-227.500075669025
1.80544655979611,-109.750884652326
2.14720218256116,-92.6462588347867
1.52790890447795,-123.610344204736
-1.4661371994298,-273.290757066657
1.72807624354027,-113.63246192744
2.43704812857322,-78.1542399507214
4.60877592628822,30.4152689303611
0.776279527461156,-161.184812093887
-0.660657297354192,-233.039992386329
0.708873724332079,-164.570961775207
4.37965747667477,18.9763219945614
1.25017983070575,-137.486702351214
-1.78828456951305,-289.407449849251
2.27905813651159,-86.0544031891111
1.40797595470212,-129.618130127935
0.869181240908802,-156.556694684115
3.52928966027685,-23.5299728423416
2.63517262716778,-68.2340898625028
4.89958847616799,44.9646639177166
2.56190234562382,-71.9080704988834
3.99544302001595,-0.252924803348413
1.98829659982584,-100.557397083147
3.51998892822303,-24.0091159522511
2.90697962325066,-54.6810753368557
1.86187884793617,-106.936785375479
4.1029198972974,5.14047190883593
-0.588900575647131,-229.406774723196
-0.417015694547445,-220.849906418468
2.91966963279992,-54.0273916833265
2.82822985481471,-58.5796153044389
3.91716423700564,-4.14953855509277
3.11936619016342,-44.0016431571361
3.68528324691579,-15.7537107981215
3.76313575846143,-11.8092941250202
1.28809176734649,-135.583222189678
0.785065637435764,-160.769179203753
4.22465442121029,11.2573588534126
1.36287828651257,-131.840479836188
-1.03620012057945,-251.807608045025
0.471732496516779,-176.390336361381
1.40853032632731,-129.594874050095
4.41024609934539,20.4794545325905
1.12380354781635,-143.765901935158
-1.51419340143912,-275.725013026353
0.709512491011992,-164.54553383416
1.28224081150256,-135.861870507728
0.990012586815283,-150.470300501869
2.36209117970429,-81.8624584251611
0.35439965990372,-182.284089160597
3.74925847793929,-12.5300185050987
1.4710729373619,-126.465603178563
4.5586571728345,27.9057049697397
2.59624739084393,-70.1807835293538
1.80653472663835,-109.65660328706
4.28353319945745,14.2005021631552
-1.32306767185219,-266.148789968511
2.24460270558484,-87.768095778109
-0.137789168395102,-206.886327497646
-1.99630980170332,-299.829117844304
4.41362676490098,20.690481810063
-1.70704204542562,-285.349760047408
-0.998029996873811,-249.910510187829
4.2108447633218,10.5905112397827
4.34535543085076,17.2948436210855
0.280063810525462,-185.99615890242
1.93732952303253,-103.139595627581
3.82706213905476,-8.61843609834225
-0.79341861163266,-239.652779102684
-0.00400133989751339,-200.173331028131
1.57307389215566,-121.352770075578
1.70642630266957,-114.664156382287
2.97189134568907,-51.4247308722943
-1.21164317033254,-260.597703328227
-1.93116908706725,-296.588569831592
4.53713747044094,26.8722704766521
-1.12612396734767,-256.312488309378
2.49385139346123,-75.3056574018128
0.854179795831442,-157.28883225928
0.705750470049679,-164.702619529485
0.917538880370557,-154.157222271894
0.346976702334359,-182.632650182844
1.97970088152215,-101.037838600164
2.52816890785471,-73.61617900107
0.615614781621844,-169.216023634597
1.92542101768777,-103.708068448692
2.94818345759995,-52.6022086885754
4.48141452972777,24.0641753618963
2.86373644438572,-56.8216977763798
-0.619715923443437,-230.972990210842
-0.538401105673984,-226.906524377808
4.75085739674978,37.5552519854034
-0.540751149877906,-227.02683491106
1.51465366058983,-124.24746107008
2.42946750437841,-78.5067356842472
-1.51807012059726,-275.926893155314
-0.567714375676587,-228.374512004046
0.209849512670189,-189.519020261185
-1.45756019139662,-272.844636213107
4.99195078783669,49.5886825768737
1.97301695682108,-101.38764014874
4.47188731376082,23.6084603184682
3.15533902239986,-42.2416365803853
2.67721577687189,-66.1263496195462
3.38756974949501,-30.6252336927927
4.79829518031329,39.9063067232244
0.402415667427704,-179.869329717735
2.91937727015465,-54.0295233350274
2.42914827424102,-78.4901734325594
2.34491940354928,-82.7612611461136
2.91089236456901,-54.4366339122046
0.680061395745724,-166.000174714143
1.90746539202519,-104.631682095584
1.45661509083584,-127.183232255351
3.90802102163434,-4.58865455164275
0.828277756925672,-158.558810986847
0.601856927387416,-169.885364871352
4.9812504297588,49.0578489518157
1.36250376165845,-131.877985658476
4.00018061534502,0.00256015611340602
2.68339863303117,-65.8501738050022
3.0513018083293,-47.4622344744536
3.84893806022592,-7.56325753080657
3.18951751850545,-40.5029383725486
-0.774626695550978,-238.730615560591
4.02909287274815,1.47499418791094
1.75282826088369,-112.364683942721
-1.60793808102608,-280.412914065108
4.71688241558149,35.8552971042305
2.77465354115702,-61.244601216608
4.05297579802573,2.65582279007229
-1.12689834437333,-256.353706154315
3.34411795600317,-32.7693422751166
2.92682840069756,-53.6578199294001
-1.71117564779706,-285.561502013904
2.42008777684532,-78.9857505554981
4.64220811403356,32.1083085369392
2.92065276461653,-53.9703522833027
3.44783176761121,-27.6416094686974
0.772573914378881,-161.370902439135
-1.40565511886962,-270.26355333331
1.32049115141854,-133.973946730646
4.34986662212759,17.4724215831877
-1.80653563328087,-290.299079525102
-1.13861230690964,-256.919947730641
1.60780461668037,-119.623131453523
-1.97275616251864,-298.637389006348
-1.00676502031274,-250.33878896337
-0.164722118759528,-208.216322687057
1.4794054471422,-126.052688285275
1.40982809872366,-129.498423974521
0.372372072655708,-181.398002101961
1.17768841795623,-141.08837738223
-0.552495263982564,-227.649350931227
4.02665635058656,1.33967594120892
1.58829270885326,-120.591282059027
-0.258684168336913,-212.942403673448
3.2202295132447,-38.9709035192491
0.642963408026844,-167.826565538975
-0.745999003760517,-237.315323338891
0.24796700803563,-187.622675532787
-1.85372540960088,-292.653729315022
3.56923045846634,-21.5414744277202
3.80877377372235,-9.60435588456694
-1.88710204348899,-294.353632630632
-0.746155377943069,-237.335681639986
2.29784148139879,-85.1360891118305
-1.83821815811098,-291.933652396043
4.85408401116729,42.6982543263611
1.57478263205849,-121.281450797271
-0.264400030486286,-213.195395011048
1.32966886507347,-133.548608584482
-1.661023957422,-283.061785653752
-0.136605163570493,-206.823767016921
-1.76339986571111,-288.198538233005
-0.88605259382166,-244.266115264815
1.7894435513299,-110.520982841532
4.87051601125859,43.5128766440872
-1.00016038119793,-250.036325804375
0.673202570760623,-166.33136942541
0.156222148332745,-192.164279611605
0.644446071470156,-167.781515781671
-1.55711234663613,-277.868234060374
-0.852022870443761,-242.59508190484
3.31043359846808,-34.5078241290049
4.3818768276833,19.0711006460767
3.20867745485157,-39.5649076257575
-0.444171438924968,-222.232785167049
-1.97363438317552,-298.646081735348
1.7515490243677,-112.406063791161
2.25266363611445,-87.3711762103533
-0.583048941800371,-229.127537494838
3.84628513292409,-7.68967954313957
-1.51799895637669,-275.907239707726
-1.8063757843338,-290.331645862187
4.09579076920636,4.81033615802208
0.203725567786023,-189.785820110176
4.67805277765729,33.8724460105854
1.13365178345703,-143.290867433232
-0.774522881256416,-238.738239057343
0.861271130153909,-156.926367265282
-1.1553897690028,-257.764262992121
3.09592838189565,-45.2189619368586
-0.86677374294959,-243.327357873123
1.63371534412727,-118.30226337395
-1.4986044310499,-274.936194571245
-1.18398518231697,-259.204782547174
3.52341197710484,-23.8154347683793
4.9876086327713,49.3779933299063
-1.5069265589118,-275.357386710145
-0.97627209383063,-248.824773916103
4.11013837670907,5.482134931
3.0999314931687,-44.9967871349302
-0.985530926613137,-249.280382582333
2.41629780293442,-79.1756412494049
-0.78817138960585,-239.406935463762
1.80089493608102,-109.969432086457
2.10345363733359,-94.8204753505765
1.5853873656597,-120.73706591125
0.27142944606021,-186.407978742434
-1.65312806190923,-282.680930796975
3.62523556081578,-18.7303618631898
3.92285772017203,-3.83052016680324
3.8918492149096,-5.42221496373727
0.70749240112491,-164.647568103977
2.59589251829311,-70.1921454705704
0.739547359757125,-163.029766859331
-0.161198011599481,-208.052915213853
3.06398623739369,-46.7992025411389
-1.82209078990854,-291.14149095882
-0.445280552143231,-222.243673525383
4.04070024378598,2.047909556399
2.1333864829503,-93.3491441496334
0.768181792460382,-161.609398621584
3.00199412554502,-49.908975392314
0.589283242588863,-170.547405541865
-0.396001738263294,-219.79425827427
-1.98072307719849,-299.035518154406
1.27085657510906,-136.463156899127
0.719461628468707,-164.020737185864
-0.675923005444929,-233.793869362312
0.859874579589814,-156.982648446881
2.98035887256265,-51.0280469065922
-1.65733785484917,-282.870726642334
-1.00130009581335,-250.083505863605
0.123542656190693,-193.859855730406
-1.78838291415013,-289.432766213152
-0.32739078020677,-216.37866615583
4.03314410103485,1.64832558461254
1.43730221921578,-128.111101249285
3.46842629928142,-26.5092568666323
-1.97924919193611,-298.980706826992
-1.52879782859236,-276.43602051007
1.89582415507175,-105.246999530941
4.20107662165537,10.041020903477
-0.590356122236699,-229.482791371213
3.6617292247247,-16.8912498867336
-1.80093531846069,-290.026135641374
0.974413871765137,-151.294638531119
2.37873103003949,-81.0263828869338
-0.877586543560028,-243.880017856528
1.17110344744287,-141.433532737291
-0.503216707613319,-225.178430616114
3.5570709828753,-22.1413635810695
-1.41412083175965,-270.734200233914
1.98218888300471,-100.864828152608
2.25681751500815,-87.1298496908583
-1.92428478482179,-296.225877234187
-1.57138966675848,-278.605498728887
4.84645122475922,42.3055726706573
4.8448355961591,42.2153800596204
3.4276990944054,-28.6297402767703
-1.33095148392022,-266.577777880549
3.37227216875181,-31.4197449031502
2.92353612324223,-53.8531898567609
2.97934025153518,-50.9908086457392
-1.35701851709746,-267.871937969594
-1.03213012823835,-251.621103639583
4.77895798045211,38.9539245467617
1.00537447514944,-149.724096986271
4.94712362485006,47.3863387235685
0.236416990170255,-188.182261377592
4.62994181388058,31.4624585842249
0.966946265427396,-151.671923906046
0.406608642311767,-179.65238082394
3.28309728042223,-35.835694094465
1.6536962359678,-117.289366027594
2.22272336669266,-88.8787806228789
-1.64500582101755,-282.24645614977
2.40601350227371,-79.7072518866168
-1.80431172368117,-290.227552371981
0.888389740837738,-155.556073877514
-0.774306523380801,-238.690559466951
-1.41452686581761,-270.7450444094
-0.00462700775824487,-200.214617382536
-1.09413275239058,-254.691117199086
1.71837877063081,-114.065601985692
2.05475317453966,-97.2522555052705
1.16939387144521,-141.516565847256
-1.17570219933987,-258.788154420516
2.69252965250053,-65.3737059696161
2.09135176753625,-95.4516172381997
-0.540151133667678,-226.99265947601
3.29301746096462,-35.3472594972931
-0.527925675036386,-226.403224191732
0.872241775039583,-156.402909137142
2.15591775742359,-92.244512627222
-0.440220864722505,-221.993321523806
0.694366971962154,-165.27575183889
1.93112717266195,-103.463738093307
-1.42433480918407,-271.204528105455
-0.49586476595141,-224.802270160731
1.06904247310013,-146.517128342219
0.00381072936579585,-199.799318940091
4.29284465895034,14.644190945316
3.64778284658678,-17.6061859497846
-1.8407655924093,-292.023778892365
-1.34574874094687,-267.273896140179
-1.80755601124838,-290.356681863619
2.43590702372603,-78.2282491823638
-1.22705403785221,-261.361064491359
-0.792178135365248,-239.622922971606
0.79777271929197,-160.152585484784
3.2565553013701,-37.1601174148799
0.513582079671323,-174.299614525216
0.255978760542348,-187.239191820806
1.92158390465192,-103.93545081338
3.30481003923342,-34.785135657777
0.211717764148489,-189.41979672269
-0.357681053923443,-217.87152702442
0.806713221594691,-159.62682617984
2.77707522874698,-61.1615315603851
-0.862098054494709,-243.103589164666
4.19787283986807,9.91397320569195
3.95840953709558,-2.07905030944144
1.54547844501212,-122.726581679971
3.40938059706241,-29.5307195852864
-1.7284505602438,-286.381125589639
-1.56516046682373,-278.264565137646
0.779885281808674,-161.019340441571
3.70816701441072,-14.5851566313836
2.36591160017997,-81.7237081945468
3.83185498346575,-8.43098877911187
0.628074770560488,-168.605816661466
-1.22064063302241,-261.052083803633
1.21085014450364,-139.461238183385
0.915277330204844,-154.241296512973
-1.94717400078662,-297.351029487898
3.62868127878755,-18.5117229617556
1.97716076672077,-101.152665926367
-0.963477505603805,-248.178302204533
4.3015466069337,15.1110953531566
2.35607871413231,-82.2062237135771
-1.2993030694779,-264.963829986396
1.49857199727558,-125.073079429121
4.28245184849948,14.1232883408685
0.305277671664953,-184.724082909175
-1.27840387658216,-263.93106097356
1.75675792782567,-112.151579560202
4.96978408982977,48.4708956903728
2.18416951457039,-90.8326879650917
2.44509120774455,-77.7166463656976
0.00488270889036357,-199.725618956837
-0.270891065010801,-213.556251690283
1.3734770109877,-131.335239382556
1.15901674795896,-142.047321682895
-0.0912268918473274,-204.588490641827
-1.22644516685978,-261.312208723626
4.70325443148613,35.1472085812224
2.75448149489239,-62.2737556023946
1.47781258216128,-126.1381882508
-0.125467115547508,-206.233200978589
2.81821616529487,-59.0652006122005
0.183819176396355,-190.836972161179
0.907676962437108,-154.577843416043
2.67106411373243,-66.4794023163149
-1.80401014117524,-290.232168452239
0.549213817808777,-172.532941002337
-1.38568140473217,-269.267275903162
4.45064862561412,22.5654384801029
4.35947704012506,17.9734447001677
2.01910498505458,-99.0219284024804
1.20923984539695,-139.523163642308
1.49023206206039,-125.465054949683
3.73297094623558,-13.3458835207735
4.86647155485116,43.3143504966228
3.74223806825466,-12.8865177616439
1.72718228539452,-113.660683163708
0.187571962829679,-190.645733363879
-0.951400824589655,-247.584078834494
1.41885088710114,-129.054488577353
3.75971377384849,-12.0303952821399
0.273940548533574,-186.294188219062
3.32045759330504,-33.9733507836356
0.872703964356333,-156.346431383413
3.13932432816364,-43.0546431798018
-0.643787164008245,-232.190203812881
4.1037631877698,5.17718865810275
3.54086375050247,-22.9684561887295
3.9962824168615,-0.171001111983241
-1.01682671927847,-250.865744690967
-0.604584929300472,-230.23766909934
2.12609616457485,-93.7145869143406
1.00798602146097,-149.642556123532
0.0558986312244087,-197.19874468136
2.35462302574888,-82.2635139658335
-0.453615014441311,-222.693441422294
4.36354625178501,18.1498733498729
-1.76729848142713,-288.344679108389
2.31312266294844,-84.3690377769107
2.27487558429129,-86.2588920696958
2.56176153128035,-71.8949653364173
0.889514050446451,-155.503322613143
2.49635228025727,-75.2112872119003
3.10214299499057,-44.8960097215401
-0.591921205399558,-229.609734016771
1.89148070430383,-105.440012910268
0.908212545560673,-154.593901581408
2.48839043430053,-75.5922325774075
-0.226977866142988,-211.364094579264
0.10541376657784,-194.725243779867
4.66389042302035,33.1835569364889
-1.26203535939567,-263.080017726653
1.16306198667735,-141.839087696286
3.83873461303301,-8.08539236392413
2.0556954566855,-97.2321076151672
1.88408853393048,-105.779030457409
4.09655237500556,4.80589649607984
3.34710305579938,-32.6533791022717
4.07497946568765,3.75387516847224
-1.6408992393408,-282.018684473286
-0.31154774944298,-215.597631673986
-1.53516416600905,-276.785097251287
-0.25665021687746,-212.822278917692
0.0861836422700435,-195.691723019679
0.967137776780874,-151.682447753956
4.98170313844457,49.0689797918369
1.28065673122182,-135.970892438638
2.79200106509961,-60.3841809654881
2.36363406316377,-81.7911139372533
2.54085108125582,-72.9556450568961
-0.332536893431097,-216.641939151562
-0.128468158189207,-206.421107450332
3.01422200119123,-49.3110101436599
-1.15435390453786,-257.705957375614
-0.315548821818084,-215.781472061783
1.19835285563022,-140.052964415781
3.75248457188718,-12.3845939912085
-1.56675710319541,-278.330802188918
-1.95383012411185,-297.700195147183
-1.44105990207754,-272.046387000688
0.863553457194939,-156.815375293909
-0.926204431802034,-246.289769788226
-0.519805223681033,-225.998960122075
3.76933080563322,-11.5063013025093
-0.207967127906159,-210.415882864439
2.78741500014439,-60.6388607814028
4.28081609332003,14.0103423222884
-1.20861036586575,-260.414524804079
2.86523564392701,-56.7684855015425
2.89818008197471,-55.0818684032707
4.07075845473446,3.54225269754819
-0.232716944999993,-211.622231703338
-1.25680151162669,-262.803270932455
4.61765783187002,30.8592143035818
4.2972985394299,14.8389114197396
0.247941046720371,-187.630833931664
3.47714239405468,-26.1533582472968
1.04708240134642,-147.643688794198
-0.876653137383983,-243.832705880227
-0.612297175684944,-230.632312342815
1.48371132742614,-125.838955924464
0.558708323398605,-172.087753325054
1.2074480697047,-139.654086980006
-0.790125074330717,-239.473573889119
-0.936704971361905,-246.838377472073
3.62495333561674,-18.7850800778982
1.44622182729654,-127.729980778328
3.91816914640367,-4.06962303669303
3.29497405490838,-35.2682239641996
-0.946992267621681,-247.366240679768
-0.788441743236035,-239.419846767483
2.52446768549271,-73.77206015245
0.496188552584499,-175.192964562424
3.40288480021991,-29.8743503522589
-1.86040119174868,-293.002577862783
0.860673306044191,-156.948608239103
4.81559904315509,40.7303864807338
1.94132688432001,-102.946141598886
-0.756913918768987,-237.854826103936
4.09162140381522,4.55573447214569
0.0633047039154917,-196.799147185493
4.28789351717569,14.3924530042024
2.34943817998283,-82.5183787659082
4.90657848655246,45.313512068281
4.53407377609983,26.6885983405622
3.21939349011518,-39.0317801517086
3.51367403264157,-24.3438865609674
-1.31046325038187,-265.507198227562
1.77914837980643,-111.042593586095
2.46256389818154,-76.8546807457706
2.26481643272564,-86.7301696752089
-0.530822640983388,-226.571720792955
2.35477177239954,-82.2753922377907
3.24844983615912,-37.5681224701113
2.72817743127234,-63.5750882626707
3.19135961472057,-40.4483224326811
-1.83236407628283,-291.645430527987
0.880096058128402,-155.971771008975
0.51033449661918,-174.492762586951
0.725735894404352,-163.69565323524
0.961905014468357,-151.92230007208
-0.450783079722896,-222.532476381544
3.16652656137012,-41.7194782136335
-1.94806993263774,-297.40790005182
0.981840155785903,-150.923772723635
0.697549947537482,-165.113062081609
3.21947059663944,-39.035189625063
2.99542992375791,-50.1895554631106
2.80408630915917,-59.7961255748834
3.55288434959948,-22.347616522394
1.49613195471466,-125.193326112664
4.09609783114865,4.80129879307601
2.13450129074045,-93.2759201189445
1.05603057518601,-147.223705113422
3.1207305486314,-43.9668973152607
2.06617433112115,-96.6794583670217
4.22700048540719,11.3134879272453
0.641887777717784,-167.904732976136
3.77906669490039,-11.0619621942658
2.1270815928001,-93.6559362605901
-1.85802280995995,-292.921801119091
3.69743965356611,-15.1205334034302
0.125641704071313,-193.742582069008
2.45026321383193,-77.4952752722094
4.60475812060758,30.2605509207623
1.38636575685814,-130.690834920183
2.88763932348229,-55.5931077232146
0.549414684297517,-172.56953404771
3.10329784895293,-44.8677827732974
1.84530186280608,-107.718750813338
-1.99593420769088,-299.799150915321
-1.46994668547995,-273.466479822228
-1.43034696020186,-271.545028794192
0.585754896281287,-170.714549611619
4.43226942582987,21.6502566433767
2.02293455204926,-98.8218622660402
4.04872842808254,2.43624721213038
2.185613515554,-90.763497867282
2.81351454323158,-59.3303047617753
2.09211852843873,-95.4174459796321
3.51037170737982,-24.470929519478
0.320780587848276,-183.93965999782
-1.61664588656276,-280.872979130584
1.945381809026,-102.711032958822
-1.81297075049952,-290.626183255469
-1.15944452094845,-257.955206466476
1.91573714069091,-104.223926278276
-1.21683254046366,-260.88604787629
1.47608174360357,-126.19355917264
1.12865229486488,-143.545401758243
0.741352330427617,-162.949431438579
1.42926748795435,-128.502397612848
-1.71880368003622,-285.947729109963
1.34607671620324,-132.696468963719
-0.884807188995183,-244.282070915322
1.18941454216838,-140.528893292351
2.50151657080278,-74.9192682702682
2.73807266587391,-63.1107923058945
0.822772670537233,-158.879616101572
0.311064026551321,-184.464628824793
3.23987481812946,-37.9922200548952
0.903411783510819,-154.830875919377
1.08311042725109,-145.84519555416
-0.425388465635478,-221.239259890064
1.40753615414724,-129.631469587043
2.13586007524282,-93.2160795350195
3.05351391807199,-47.3151970144036
-0.552339419489726,-227.618039429958
1.74805607600138,-112.594630777523
-1.19165255664848,-259.541064340073
0.448104780633003,-177.556399050968
2.25777131342329,-87.1010347696062
3.13518296135589,-43.2405571208406
0.622965008718893,-168.820003444768
3.89852825342678,-5.101834392602
2.44511041999795,-77.7333927002145
2.65578319295309,-67.2311870637746
4.7050168721471,35.2397127505539
-0.412679475266486,-220.620537169235
-0.670368388993666,-233.501681825313
3.61098420526832,-19.4395757476388
0.300458111334592,-184.949234393258
4.48015926615335,24.0209694929732
4.54225925216451,27.0931704870512
0.208656483562663,-189.61743679658
4.04436358110979,2.23598487839264
-0.797896044561639,-239.91158979143
4.36015493376181,17.9917670925366
1.43592236773111,-128.196627377647
0.623108486179262,-168.847457785124
-1.44748512795195,-272.37093663862
4.19123501284048,9.58908202918466
-0.543257718207315,-227.152774062946
2.67787581915036,-66.1441969753883
4.10033220495097,4.99700555404451
3.54445574921556,-22.7946547429078
0.108765080804005,-194.558480004614
4.44728834577836,22.3975613645324
-0.612526001641527,-230.618859678154
4.499739570776,25.0073017593249
3.0806398075074,-45.9399721782713
4.83030263800174,41.5058220751317
0.5178066061344,-174.085257162034
1.55630576563999,-122.202418016818
2.4498521827627,-77.4890393695295
4.41501499852166,20.7377775188765
-0.831541961291805,-241.566274585866
3.6848851761315,-15.7532480885666
2.17629859596491,-91.1913583826338
-0.412460672669113,-220.622764440408
4.92549363290891,46.3178464838828
3.1716007720679,-41.4174862521118
3.84283575275913,-7.85110030394154
4.70173578173853,35.0754375266218
3.55666267848574,-22.1724867800529
-1.113288117107,-255.646342447148
-1.15812784596346,-257.892871555386
0.967520333360881,-151.666844927067
-1.14066026825458,-257.015868450097
0.193024727283046,-190.366877860552
-1.62682979553938,-281.357227321112
2.18904315051623,-90.5505252246276
0.612129584653303,-169.425100734799
-1.32239858410321,-266.095777595481
3.22892125044018,-38.5524524443236
1.04588724207133,-147.697141028488
4.83376842061989,41.6857500276648
0.698091052472591,-165.111614489347
0.0510335322469473,-197.438844676668
0.0952472281642258,-195.234773522014
1.03919426701032,-148.035659728396
3.54246984631754,-22.8856744712279
0.144450278487056,-192.74371751216
0.472912622382864,-176.372710054475
3.75870057847351,-12.0816199897322
-0.75111668324098,-237.531023523126
0.664876055438071,-166.761561746483
3.03629431338049,-48.2115966878768
-1.13286990323104,-256.616466140791
-0.409546702867374,-220.522401670977
1.65234519308433,-117.372631025135
3.72275614412501,-13.8773639695854
3.22987078526057,-38.5146376682708
0.0753992591053247,-196.266892270952
2.10855430806987,-94.5902917578873
1.88193558971398,-105.930519260047
2.32185657811351,-83.9164255415213
3.85503205074929,-7.24979401045852
-0.630885285092518,-231.567594797868
-0.0308445477858186,-201.566970672027
3.11461475770921,-44.2716468861953
-1.34338530129753,-267.166170933535
1.21821421035565,-139.103718811018
-0.572589080780745,-228.636232829022
1.01140560372733,-149.41751176475
3.52810951811261,-23.5741593928822
-0.671851872233674,-233.58312159706
-0.175578192574903,-208.762479432141
3.43078088457696,-28.4731880487051
2.68948628683574,-65.5097744427897
1.10725085181184,-144.639851411079
3.99171005701646,-0.412831956373689
3.68496885895729,-15.768630527681
-0.957424765685573,-247.874931139649
2.63444675668143,-68.2662195627321
-1.76475100638345,-288.245800852073
0.666484129847959,-166.651638380682
3.74672599229962,-12.6598923697836
1.47530953097157,-126.217023845166
4.83984945737757,41.9877812735948
1.74964147806168,-112.53136656908
1.75718204467557,-112.150903087989
2.1426938874647,-92.9020750387203
-0.862014845944941,-243.116820436177
0.000558017287403345,-199.98131605399
-1.05999208102003,-252.970418862156
-0.616694454336539,-230.841853432439
-0.453165959799662,-222.654834806909
0.371621932601556,-181.436884291291
4.75304985744879,37.6399745071871
1.0504151226487,-147.472666401872
4.35639533307403,17.8284005037697
1.95900117303245,-102.063782772573
-1.21047022868879,-260.522845291828
0.593795835506171,-170.292455913334
1.0792581976857,-146.075848528541
-0.245734649943188,-212.281265905601
-0.492300177458674,-224.604066691228
-1.1915078649763,-259.59218650853
1.53376402286813,-123.327155757687
-1.65795467607677,-282.880388489471
2.31250227079727,-84.3778553414869
-1.22355025773868,-261.152590702861
4.6506106716115,32.5486421590609
3.55336043308489,-22.3498121218013
0.97602182882838,-151.199519760876
-0.223497374448925,-211.157439998943
-0.272671647137031,-213.600395679205
1.63341087359004,-118.334688329171
-0.0630597400013357,-203.169128339461
4.54759706091136,27.3858427347155
4.91742714145221,45.8568354496531
-1.43903538887389,-271.964250362723
2.24261796148494,-87.8627310485907
0.456452581332996,-177.207849339597
-0.585805561160669,-229.280797223091
0.245858350768685,-187.713913030265
-0.596974851097912,-229.863144405807
0.761566249886528,-161.890110518326
2.70934658544138,-64.5155032418268
-1.01104532554746,-250.5785440755
-0.729171188548207,-236.456499309583
3.25590642006136,-37.2087311603219
1.02424461580813,-148.801961115024
1.41780887171626,-129.122001204471
1.952005952131,-102.404567122898
1.08044038037769,-145.979850366137
3.63008190388791,-18.4802560414426
3.59706392860971,-20.1403140781554
0.0576703422702849,-197.087764632781
0.319780802587047,-184.001567934661
4.15129947569221,7.58280791922786
4.39692793809809,19.8085537750856
-0.934171015629545,-246.732060956177
3.46504731243476,-26.7786385658835
-0.212141320807859,-210.585152082872
0.985350772971287,-150.723933575007
-1.12755846651271,-256.389775799482
4.81215705256909,40.5999499925933
-0.436687280191109,-221.85934187141
-0.942314885789528,-247.127173474253
-1.51486988691613,-275.763097616951
4.9063981345389,45.3118585776432
3.07540301303379,-46.2035475071895
2.89997552800924,-55.0051123579805
3.85258081462234,-7.36900839192992
1.86483366577886,-106.767752810846
-0.49618960916996,-224.774555484057
4.78319043759257,39.1842883251483
3.96687185019255,-1.65936244495372
-0.555992834502831,-227.785360158434
-0.847786416998133,-242.400256432787
3.58871098095551,-20.552147634181
1.10067812283523,-144.952023031097
2.69440211541951,-65.3125491221687
4.88507535937242,44.234842660114
1.09231221489608,-145.373988260234
3.70946346176788,-14.5122604609038
1.19474160065874,-140.258848531672
-0.415626280941069,-220.757877096632
1.73660979908891,-113.162193353356
1.02370033599436,-148.816587822157
2.23228063317947,-88.4162673186653
0.244042628211901,-187.788090653725
-0.0237079421058297,-201.179476947622
3.48866673256271,-25.5622566695894
2.49334361823276,-75.3143110303411
3.73935865866952,-13.0738183519024
0.266136251855642,-186.707523543459
-0.501887593884021,-225.116981515594
2.79681415017694,-60.1528394706455
4.23740562540479,11.8648593639751
1.7074692226015,-114.648690878398
2.58239463251084,-70.8486008696536
-1.72324458067305,-286.183375885135
4.99791854270734,49.8905022685265
3.17705729650334,-41.1664749085927
1.63686618953943,-118.171843767737
4.68755683558993,34.3918240592565
-0.990380061557516,-249.519190314446
0.672783256974071,-166.373427681483
0.659979748772457,-167.045205504447
0.428708827588707,-178.578471383995
4.58193584927358,29.0630920769962
-1.09324428020045,-254.639724517728
1.4409110408742,-127.982658111369
3.33105421368964,-33.468362080287
4.14022862492129,7.00280413150014
3.04221675451845,-47.8870668389115
-0.238272555638105,-211.910744775995
0.895432234508917,-155.227999018067
0.702733259648085,-164.889844090073
-0.857208576751873,-242.876718284623
2.22892027022317,-88.548501241321
-0.0706532201729715,-203.517364061968
3.12441202742048,-43.8018302440703
2.67051730118692,-66.4402095459149
0.863243864150718,-156.862263688428
